<?xml version="1.0" encoding="UTF-8"?>
<project-private xmlns="http://www.netbeans.org/ns/project-private/1">
    <editor-bookmarks xmlns="http://www.netbeans.org/ns/editor-bookmarks/2" lastBookmarkId="0"/>
    <open-files xmlns="http://www.netbeans.org/ns/projectui-open-files/2">
        <group>
            <file>file:/C:/Users/USUARIO/Desktop/Practica-IDE/src/practica/ide/objetos/Objeto.java</file>
            <file>file:/C:/Users/USUARIO/Desktop/Practica-IDE/src/practica/ide/backed/manejadores/ManejadorCreadorObjetos.java</file>
            <file>file:/C:/Users/USUARIO/Desktop/Practica-IDE/src/practica/ide/objetos/Eliminar.java</file>
            <file>file:/C:/Users/USUARIO/Desktop/Practica-IDE/src/practica/ide/backed/manejadores/ManejadorConsultas.java</file>
            <file>file:/C:/Users/USUARIO/Desktop/Practica-IDE/src/practica/ide/GuardarArchivo.java</file>
            <file>file:/C:/Users/USUARIO/Desktop/Practica-IDE/src/practica/ide/backed/analizador/Sintax.java</file>
            <file>file:/C:/Users/USUARIO/Desktop/Practica-IDE/src/practica/ide/backed/manejadores/ManejadorFiltraciones.java</file>
            <file>file:/C:/Users/USUARIO/Desktop/Practica-IDE/src/practica/ide/PracticaIDE.java</file>
            <file>file:/C:/Users/USUARIO/Desktop/Practica-IDE/src/practica/ide/backed/analizador/SQL/SintaxSQL.java</file>
            <file>file:/C:/Users/USUARIO/Desktop/Practica-IDE/src/practica/ide/backed/manejadores/ManejadorEliminar.java</file>
            <file>file:/C:/Users/USUARIO/Desktop/Practica-IDE/src/practica/ide/backed/manejadores/ManejadorImprimir.java</file>
            <file>file:/C:/Users/USUARIO/Desktop/Practica-IDE/src/practica/ide/PrincipalI.java</file>
            <file>file:/C:/Users/USUARIO/Desktop/Practica-IDE/src/practica/ide/LeerArchivo.java</file>
            <file>file:/C:/Users/USUARIO/Desktop/Practica-IDE/src/practica/ide/backed/manejadores/ManejadorColumnas.java</file>
        </group>
    </open-files>
</project-private>
